Taxa Mutação,Método,Predação,Genocídio,Pre_Wine,Pos_Wine,Pre_Health,Pos_Health
0.04,Elitismo,Predacao,Genocidio,0.9444444444444444,0.8611111111111112,0.7990543735224587,0.8368794326241135
0.04,Elitismo,Predacao,Sem Genocídio,0.75,0.8888888888888888,0.7801418439716312,0.83451536643026
0.04,Elitismo,Sem Predação,Genocidio,0.8611111111111112,0.8611111111111112,0.7801418439716312,0.8274231678486997
0.04,Elitismo,Sem Predação,Sem Genocídio,0.8888888888888888,0.8333333333333334,0.7848699763593381,0.8274231678486997
0.04,Torneio,Predacao,Genocidio,0.8888888888888888,0.8888888888888888,0.7990543735224587,0.8274231678486997
0.04,Torneio,Predacao,Sem Genocídio,0.8888888888888888,0.8611111111111112,0.7801418439716312,0.8132387706855791
0.04,Torneio,Sem Predação,Genocidio,0.9444444444444444,0.9444444444444444,0.7801418439716312,0.8226950354609929
0.04,Torneio,Sem Predação,Sem Genocídio,0.8888888888888888,0.8611111111111112,0.789598108747045,0.8368794326241135
